INSERT INTO charity_payments ("id", "charity_id", "business_id", "payment_amount", "payment_date", "recipient", "description", "created_at", "updated_at") VALUES (1, 4, 1, '100.00', '2025-07-24T19:00:00.000Z', 'Sheeza', 'new', '2025-07-25T12:56:07.365Z', '2025-07-25T12:56:07.365Z');
INSERT INTO charity_payments ("id", "charity_id", "business_id", "payment_amount", "payment_date", "recipient", "description", "created_at", "updated_at") VALUES (2, 4, 1, '90.00', '2025-07-24T19:00:00.000Z', 'Nadeem', 'new', '2025-07-25T12:56:48.106Z', '2025-07-25T12:56:48.106Z');
INSERT INTO charity_payments ("id", "charity_id", "business_id", "payment_amount", "payment_date", "recipient", "description", "created_at", "updated_at") VALUES (3, 4, 1, '80.00', '2025-07-24T19:00:00.000Z', 'asad', 'asad', '2025-07-25T12:57:05.334Z', '2025-07-25T12:57:05.334Z');
INSERT INTO charity_payments ("id", "charity_id", "business_id", "payment_amount", "payment_date", "recipient", "description", "created_at", "updated_at") VALUES (4, 2, 1, '500.00', '2025-07-09T19:00:00.000Z', 'Sheeza 1', '', '2025-07-25T13:12:36.208Z', '2025-07-25T13:12:36.208Z');
INSERT INTO charity_payments ("id", "charity_id", "business_id", "payment_amount", "payment_date", "recipient", "description", "created_at", "updated_at") VALUES (5, 2, 1, '900.00', '2025-07-22T19:00:00.000Z', 'Nadeem 2', '', '2025-07-25T13:12:51.174Z', '2025-07-25T13:12:51.174Z');
INSERT INTO charity_payments ("id", "charity_id", "business_id", "payment_amount", "payment_date", "recipient", "description", "created_at", "updated_at") VALUES (6, 4, 1, '100.00', '2025-07-25T19:00:00.000Z', 'Sheeza', '', '2025-07-26T11:16:54.563Z', '2025-07-26T11:16:54.563Z');
INSERT INTO charity_payments ("id", "charity_id", "business_id", "payment_amount", "payment_date", "recipient", "description", "created_at", "updated_at") VALUES (7, 2, 1, '1200.00', '2025-07-25T19:00:00.000Z', 'asad', '', '2025-07-26T11:39:14.328Z', '2025-07-26T11:39:14.328Z');

INSERT INTO payroll ("id", "employee_id", "pay_period_start", "pay_period_end", "gross_salary", "deductions", "net_salary", "status", "payment_date", "bonuses", "reimbursements", "pay_method", "total_working_days", "total_present_days", "total_overtime_hours", "notes", "created_at", "updated_at", "business_id") VALUES (21, 3, '2025-06-30T19:00:00.000Z', '2025-07-24T19:00:00.000Z', 6451.61, 0, 6451.61, 'paid', NULL, 0, 0, 'bank_transfer', 5, 4, NULL, '', '2025-07-25T15:59:09.849Z', '2025-07-25T16:01:42.403Z', 1);

INSERT INTO users ("id", "username", "password_hash", "email", "created_at", "updated_at", "is_active", "user_type", "business_id", "last_login", "full_name") VALUES (1, 'demo', '$2b$12$91gekY4NSlS4POfIViZluOQ2wKMIj0SU.LT3yOPDzZ.Rngj13.tCC', 'demo2@mybusiness.com', '2025-07-20T20:23:12.622Z', '2025-07-26T17:53:45.967Z', TRUE, 'admin', 1, '2025-07-26T13:41:08.380Z', 'demo Full Name');

INSERT INTO accounts_receivable ("id", "business_id", "customer_name", "amount", "due_date", "received", "created_at", "updated_at", "paid_amount", "status", "customer_email", "customer_phone", "customer_address", "payment_terms", "description", "notes") VALUES (1, 1, 'Shehzad', 20000, '2025-07-08T19:00:00.000Z', FALSE, '2025-07-22T06:15:25.409Z', '2025-07-22T16:23:21.094Z', '8000.00', 'partial', 'shahidwahladubai@gmail.com', '03457822168', 'chack no 293 odan wala east chak jhumra', 'Net 30', 'For Property Buy', 'For one month');
INSERT INTO accounts_receivable ("id", "business_id", "customer_name", "amount", "due_date", "received", "created_at", "updated_at", "paid_amount", "status", "customer_email", "customer_phone", "customer_address", "payment_terms", "description", "notes") VALUES (2, 1, 'Ali jutt', 5000, '2025-08-28T19:00:00.000Z', FALSE, '2025-07-22T16:24:15.777Z', '2025-07-22T16:24:15.777Z', '0.00', 'pending', 'shahidwahladubai@gmail.com', '03457822168', 'chack no 293 odan wala east chak jhumra', 'Net 30', '', '');
INSERT INTO accounts_receivable ("id", "business_id", "customer_name", "amount", "due_date", "received", "created_at", "updated_at", "paid_amount", "status", "customer_email", "customer_phone", "customer_address", "payment_terms", "description", "notes") VALUES (3, 1, 'M shahid', 200, '2025-08-24T19:00:00.000Z', FALSE, '2025-07-26T16:17:22.878Z', '2025-07-26T16:17:22.878Z', '0.00', 'pending', 'shahidwahladubai@gmail.com', '03457822168', 'chack no 293 odan wala east chak jhumra', 'Net 30', 'xzx', 'xzx');

INSERT INTO employees ("id", "business_id", "created_by_user_id", "employee_code", "first_name", "last_name", "email", "phone", "address", "hire_date", "employment_type", "salary_type", "base_salary", "daily_wage", "hourly_rate", "department", "position", "status", "created_at", "updated_at", "password_hash") VALUES (4, 1, 1, 'EMP250002', 'Demo', 'Employee2', 'demo2@gmail.com', '03457822168', 'chack no 293 odan wala east chak jhumra', '2025-07-02T19:00:00.000Z', 'part_time', 'monthly', 12000, NULL, NULL, 'it', 'director', 'active', '2025-07-20T20:58:34.696Z', '2025-07-20T20:58:34.696Z', '$2b$10$gUZtnGZnHFyTW5kHTY84d.wVv/nBYxCwaq8Sne5mV85kGNzgk3HSe');
INSERT INTO employees ("id", "business_id", "created_by_user_id", "employee_code", "first_name", "last_name", "email", "phone", "address", "hire_date", "employment_type", "salary_type", "base_salary", "daily_wage", "hourly_rate", "department", "position", "status", "created_at", "updated_at", "password_hash") VALUES (3, 1, 1, 'EMP250001', 'Demo', 'Employee1', 'demo@gmail.com', '03457822168', 'chack no 293 odan wala east chak jhumra', '2025-07-09T19:00:00.000Z', 'full_time', 'monthly', 50000, NULL, NULL, 'Computer', 'Operator', 'active', '2025-07-20T20:54:41.351Z', '2025-07-21T08:48:48.744Z', '$2b$10$dTl30PLKjEpyoodTTKtou..3e91cYRco2pbAw0y5wyVSIqMf5imgS');
INSERT INTO employees ("id", "business_id", "created_by_user_id", "employee_code", "first_name", "last_name", "email", "phone", "address", "hire_date", "employment_type", "salary_type", "base_salary", "daily_wage", "hourly_rate", "department", "position", "status", "created_at", "updated_at", "password_hash") VALUES (6, 1, 1, 'EMP250004', 'M', 'shahid', 'bai@gmail.com', '03457822168', 'chack no 293 odan wala east chak jhumra', '2025-07-23T19:00:00.000Z', 'full_time', 'monthly', 12000, NULL, NULL, 'Computer', 'Operator', 'active', '2025-07-26T16:42:06.682Z', '2025-07-26T16:42:06.682Z', '$2b$10$P7gJ.DgPjQqAlJm6r0nMoO/KhnEavbAjgYIhBGCUVbMCFamMxvFSS');

INSERT INTO accounts ("id", "business_id", "account_name", "account_type", "balance", "created_at", "updated_at", "bank_name", "account_number") VALUES (2, 1, 'Current A/C', 'bank', 25000, '2025-07-22T06:13:21.688Z', '2025-07-22T06:13:21.688Z', 'Meezan Bank', '1234567');
INSERT INTO accounts ("id", "business_id", "account_name", "account_type", "balance", "created_at", "updated_at", "bank_name", "account_number") VALUES (3, 1, 'Freelancer', 'bank', 58000, '2025-07-22T06:13:43.713Z', '2025-07-26T16:17:10.522Z', 'Askari Bank', '1234567');
INSERT INTO accounts ("id", "business_id", "account_name", "account_type", "balance", "created_at", "updated_at", "bank_name", "account_number") VALUES (1, 1, 'Cash', 'cash', 27000, '2025-07-20T20:23:14.291Z', '2025-07-26T16:17:10.522Z', NULL, NULL);

INSERT INTO loans ("id", "business_id", "lender_name", "principal_amount", "current_balance", "interest_rate", "monthly_payment", "loan_type", "start_date", "due_date", "status", "created_at", "updated_at", "next_payment_date") VALUES (1, 1, 'Usman', '250.00', '200.00', '0.00', '0.00', 'personal', '2025-07-19T19:00:00.000Z', '2025-07-28T19:00:00.000Z', 'active', '2025-07-20T16:13:07.917Z', '2025-07-20T16:13:07.917Z', NULL);
INSERT INTO loans ("id", "business_id", "lender_name", "principal_amount", "current_balance", "interest_rate", "monthly_payment", "loan_type", "start_date", "due_date", "status", "created_at", "updated_at", "next_payment_date") VALUES (2, 1, 'Rehman', '3000.00', '2000.00', '0.00', '0.00', 'business', '2025-07-21T19:00:00.000Z', '2025-07-30T19:00:00.000Z', 'active', '2025-07-22T11:25:08.586Z', '2025-07-22T11:25:08.586Z', NULL);
INSERT INTO loans ("id", "business_id", "lender_name", "principal_amount", "current_balance", "interest_rate", "monthly_payment", "loan_type", "start_date", "due_date", "status", "created_at", "updated_at", "next_payment_date") VALUES (4, 1, 'Shahid', '212.00', '212.00', '0.00', '0.00', 'personal', '2025-07-25T19:00:00.000Z', '2025-07-25T19:00:00.000Z', 'active', '2025-07-26T11:21:13.197Z', '2025-07-26T11:21:13.197Z', NULL);
INSERT INTO loans ("id", "business_id", "lender_name", "principal_amount", "current_balance", "interest_rate", "monthly_payment", "loan_type", "start_date", "due_date", "status", "created_at", "updated_at", "next_payment_date") VALUES (3, 1, 'Shahid', '3232.00', '2323.00', '0.00', '0.00', 'personal', '2025-07-21T19:00:00.000Z', '2025-07-29T19:00:00.000Z', 'active', '2025-07-26T11:19:49.778Z', '2025-07-26T11:23:56.429Z', NULL);

INSERT INTO expenses ("id", "business_id", "category_id", "amount", "date", "description", "created_at", "updated_at", "payment_method") VALUES (1, 1, 4, 2000, '2025-07-20T19:00:00.000Z', 'Faisalabad', '2025-07-21T11:40:12.226Z', '2025-07-21T11:40:12.226Z', 'Bank Transfer');
INSERT INTO expenses ("id", "business_id", "category_id", "amount", "date", "description", "created_at", "updated_at", "payment_method") VALUES (2, 1, 5, 5500, '2025-07-20T19:00:00.000Z', 'Local', '2025-07-21T11:40:45.071Z', '2025-07-21T11:40:45.071Z', 'Cash');
INSERT INTO expenses ("id", "business_id", "category_id", "amount", "date", "description", "created_at", "updated_at", "payment_method") VALUES (3, 1, 7, 63000, '2025-07-21T19:00:00.000Z', 'Furniture', '2025-07-22T05:52:09.248Z', '2025-07-22T05:52:09.248Z', 'Cash');
INSERT INTO expenses ("id", "business_id", "category_id", "amount", "date", "description", "created_at", "updated_at", "payment_method") VALUES (4, 1, 6, 9600, '2025-07-21T19:00:00.000Z', 'Office Pain', '2025-07-22T05:52:41.251Z', '2025-07-22T05:52:41.251Z', 'Mobile Payment');
INSERT INTO expenses ("id", "business_id", "category_id", "amount", "date", "description", "created_at", "updated_at", "payment_method") VALUES (5, 1, 6, 430, '2025-07-25T19:00:00.000Z', 'dfdf', '2025-07-26T16:32:43.713Z', '2025-07-26T16:32:43.713Z', 'Credit Card');

INSERT INTO sales ("id", "business_id", "customer_name", "amount", "date", "description", "created_at", "updated_at", "selling_price", "status", "purchase_id", "customer_contact", "payment_method", "notes") VALUES (1, 1, 'M usman', 500000, '2025-07-21T19:00:00.000Z', 'Sale', '2025-07-22T06:11:07.170Z', '2025-07-22T06:11:46.723Z', '565000.00', 'completed', 3, '03457822168', 'Bank Transfer', 'Complete');
INSERT INTO sales ("id", "business_id", "customer_name", "amount", "date", "description", "created_at", "updated_at", "selling_price", "status", "purchase_id", "customer_contact", "payment_method", "notes") VALUES (2, 1, 'M shahid', 21000, '2025-07-24T19:00:00.000Z', 'Furniture', '2025-07-25T16:28:05.565Z', '2025-07-25T16:28:05.565Z', '20000.00', 'completed', 2, '03457822168', 'Credit Card', 'Furniture');
INSERT INTO sales ("id", "business_id", "customer_name", "amount", "date", "description", "created_at", "updated_at", "selling_price", "status", "purchase_id", "customer_contact", "payment_method", "notes") VALUES (3, 1, 'M shahid', 12000, '2025-07-25T19:00:00.000Z', 'Laptop', '2025-07-26T16:38:30.500Z', '2025-07-26T16:38:30.500Z', '13000.00', 'completed', 1, '03457822168', 'Debit Card', '');

INSERT INTO income ("id", "business_id", "category_id", "amount", "date", "description", "created_at", "updated_at", "charity_percentage", "source") VALUES (1, 1, 2, 10000, '2025-07-20T19:00:00.000Z', 'July month sale', '2025-07-21T10:43:19.645Z', '2025-07-22T05:32:37.089Z', '6.00', 'BnK store');
INSERT INTO income ("id", "business_id", "category_id", "amount", "date", "description", "created_at", "updated_at", "charity_percentage", "source") VALUES (2, 1, 14, 67580, '2025-07-21T19:00:00.000Z', 'First half', '2025-07-22T05:33:14.311Z', '2025-07-22T05:33:14.311Z', '6.00', 'Bit Coin');
INSERT INTO income ("id", "business_id", "category_id", "amount", "date", "description", "created_at", "updated_at", "charity_percentage", "source") VALUES (4, 1, 13, 6300, '2025-07-21T19:00:00.000Z', 'UAE Client', '2025-07-22T05:36:35.682Z', '2025-07-22T05:36:35.682Z', '6.00', 'Blog Site Project');
INSERT INTO income ("id", "business_id", "category_id", "amount", "date", "description", "created_at", "updated_at", "charity_percentage", "source") VALUES (5, 1, 12, 25000, '2025-07-21T19:00:00.000Z', 'Usa audience', '2025-07-22T05:49:57.798Z', '2025-07-22T05:49:57.798Z', '6.00', 'Million Moments');
INSERT INTO income ("id", "business_id", "category_id", "amount", "date", "description", "created_at", "updated_at", "charity_percentage", "source") VALUES (3, 1, 12, 40000, '2025-07-20T19:00:00.000Z', '$100', '2025-07-22T05:35:44.450Z', '2025-07-22T17:14:40.466Z', '6.00', 'Happy Puppy');
INSERT INTO income ("id", "business_id", "category_id", "amount", "date", "description", "created_at", "updated_at", "charity_percentage", "source") VALUES (6, 1, 2, 323, '2025-07-24T19:00:00.000Z', 'wew', '2025-07-26T16:29:00.310Z', '2025-07-26T17:04:01.441Z', '6.00', 'Fivver');
INSERT INTO income ("id", "business_id", "category_id", "amount", "date", "description", "created_at", "updated_at", "charity_percentage", "source") VALUES (7, 1, 2, 250, '2025-07-25T19:00:00.000Z', 'fd', '2025-07-26T17:34:52.991Z', '2025-07-26T17:34:52.991Z', '10.00', 'Facebook');

INSERT INTO purchases ("id", "business_id", "vendor_name", "amount", "date", "description", "created_at", "updated_at", "category_id", "payment_method") VALUES (1, 1, NULL, 12000, '2025-07-21T19:00:00.000Z', 'Laptop', '2025-07-22T05:58:06.106Z', '2025-07-22T05:58:06.106Z', 8, 'Debit Card');
INSERT INTO purchases ("id", "business_id", "vendor_name", "amount", "date", "description", "created_at", "updated_at", "category_id", "payment_method") VALUES (2, 1, NULL, 21000, '2025-07-21T19:00:00.000Z', 'Furniture', '2025-07-22T05:58:31.609Z', '2025-07-22T05:58:31.609Z', 9, 'Check');
INSERT INTO purchases ("id", "business_id", "vendor_name", "amount", "date", "description", "created_at", "updated_at", "category_id", "payment_method") VALUES (3, 1, NULL, 500000, '2025-07-21T19:00:00.000Z', 'Land Jhumra', '2025-07-22T06:01:59.938Z', '2025-07-22T06:01:59.938Z', 15, 'Bank Transfer');
INSERT INTO purchases ("id", "business_id", "vendor_name", "amount", "date", "description", "created_at", "updated_at", "category_id", "payment_method") VALUES (4, 1, NULL, 8600, '2025-07-21T19:00:00.000Z', 'Raw Material', '2025-07-22T06:02:34.354Z', '2025-07-22T06:02:34.354Z', 16, 'Check');
INSERT INTO purchases ("id", "business_id", "vendor_name", "amount", "date", "description", "created_at", "updated_at", "category_id", "payment_method") VALUES (5, 1, NULL, 2300, '2025-07-22T19:00:00.000Z', 'dd', '2025-07-26T16:14:21.566Z', '2025-07-26T16:36:54.962Z', 15, 'Credit Card');
INSERT INTO purchases ("id", "business_id", "vendor_name", "amount", "date", "description", "created_at", "updated_at", "category_id", "payment_method") VALUES (6, 1, NULL, 9000, '2025-07-25T19:00:00.000Z', '', '2025-07-26T16:37:32.940Z', '2025-07-26T16:37:32.940Z', 16, 'Mobile Payment');

INSERT INTO categories ("id", "business_id", "name", "type", "created_at", "updated_at", "color", "icon") VALUES (2, 1, 'E-Commerce', 'income', '2025-07-20T20:23:13.112Z', '2025-07-20T20:23:13.112Z', '#EC4899', 'DollarSign');
INSERT INTO categories ("id", "business_id", "name", "type", "created_at", "updated_at", "color", "icon") VALUES (7, 1, 'Office', 'expense', '2025-07-20T20:23:13.707Z', '2025-07-20T20:23:13.707Z', '#EF4444', 'Briefcase');
INSERT INTO categories ("id", "business_id", "name", "type", "created_at", "updated_at", "color", "icon") VALUES (6, 1, 'Rework', 'expense', '2025-07-20T20:23:13.590Z', '2025-07-20T20:23:13.590Z', '#06B6D4', 'Briefcase');
INSERT INTO categories ("id", "business_id", "name", "type", "created_at", "updated_at", "color", "icon") VALUES (4, 1, 'Food', 'expense', '2025-07-20T20:23:13.346Z', '2025-07-20T20:23:13.346Z', '#84CC16', 'Briefcase');
INSERT INTO categories ("id", "business_id", "name", "type", "created_at", "updated_at", "color", "icon") VALUES (9, 1, 'Equipment', 'purchase', '2025-07-20T20:23:13.941Z', '2025-07-20T20:23:13.941Z', '#6B7280', 'ShoppingBag');
INSERT INTO categories ("id", "business_id", "name", "type", "created_at", "updated_at", "color", "icon") VALUES (8, 1, 'Electronics', 'purchase', '2025-07-20T20:23:13.823Z', '2025-07-20T20:23:13.823Z', '#8B5CF6', 'ShoppingBag');
INSERT INTO categories ("id", "business_id", "name", "type", "created_at", "updated_at", "color", "icon") VALUES (15, 1, 'Fix asset', 'purchase', '2025-07-22T06:01:07.836Z', '2025-07-22T06:01:07.836Z', '#F59E0B', 'ShoppingBag');
INSERT INTO categories ("id", "business_id", "name", "type", "created_at", "updated_at", "color", "icon") VALUES (16, 1, 'Material', 'purchase', '2025-07-22T06:01:19.949Z', '2025-07-22T06:01:19.949Z', '#8B5CF6', 'ShoppingBag');
INSERT INTO categories ("id", "business_id", "name", "type", "created_at", "updated_at", "color", "icon") VALUES (12, 1, 'Facebook', 'income', '2025-07-22T05:27:57.717Z', '2025-07-22T05:27:57.717Z', '#3B82F6', 'facebook');
INSERT INTO categories ("id", "business_id", "name", "type", "created_at", "updated_at", "color", "icon") VALUES (13, 1, 'Fivver', 'income', '2025-07-22T05:28:12.570Z', '2025-07-22T05:28:12.570Z', '#37f312', 'facebook');
INSERT INTO categories ("id", "business_id", "name", "type", "created_at", "updated_at", "color", "icon") VALUES (5, 1, 'Transport', 'expense', '2025-07-20T20:23:13.465Z', '2025-07-20T20:23:13.465Z', '#3B82F6', 'bus');
INSERT INTO categories ("id", "business_id", "name", "type", "created_at", "updated_at", "color", "icon") VALUES (14, 1, 'Crypto', 'income', '2025-07-22T05:28:27.845Z', '2025-07-22T05:28:27.845Z', '#e1bf14', 'bitcoin');

INSERT INTO charity ("id", "business_id", "income_id", "amount_required", "amount_paid", "status", "description", "recipient", "created_at", "updated_at", "payment_date") VALUES (1, 1, 1, '600.00', '100.00', 'partial', 'Charity for income: July month sale', 'Nadeem', '2025-07-21T10:43:19.645Z', '2025-07-21T11:41:38.817Z', NULL);
INSERT INTO charity ("id", "business_id", "income_id", "amount_required", "amount_paid", "status", "description", "recipient", "created_at", "updated_at", "payment_date") VALUES (5, 1, 5, '1500.00', '2100.00', 'paid', '', '', '2025-07-22T05:49:57.798Z', '2025-07-24T11:47:15.867Z', NULL);
INSERT INTO charity ("id", "business_id", "income_id", "amount_required", "amount_paid", "status", "description", "recipient", "created_at", "updated_at", "payment_date") VALUES (3, 1, 3, '2400.00', '2400.00', 'paid', '', 'Nadeem', '2025-07-22T05:35:44.450Z', '2025-07-25T16:07:46.860Z', NULL);
INSERT INTO charity ("id", "business_id", "income_id", "amount_required", "amount_paid", "status", "description", "recipient", "created_at", "updated_at", "payment_date") VALUES (4, 1, 4, '378.00', '370.00', 'partial', 'Charity for income: UAE Client', NULL, '2025-07-22T05:36:35.682Z', '2025-07-26T16:16:54.493Z', NULL);
INSERT INTO charity ("id", "business_id", "income_id", "amount_required", "amount_paid", "status", "description", "recipient", "created_at", "updated_at", "payment_date") VALUES (2, 1, 2, '4054.80', '2600.00', 'partial', 'Charity for income: First half', NULL, '2025-07-22T05:33:14.311Z', '2025-07-26T16:39:14.258Z', NULL);
INSERT INTO charity ("id", "business_id", "income_id", "amount_required", "amount_paid", "status", "description", "recipient", "created_at", "updated_at", "payment_date") VALUES (6, 1, 6, '19.38', '0.00', 'pending', 'Charity for income: wew', NULL, '2025-07-26T16:29:00.310Z', '2025-07-26T16:29:00.310Z', NULL);
INSERT INTO charity ("id", "business_id", "income_id", "amount_required", "amount_paid", "status", "description", "recipient", "created_at", "updated_at", "payment_date") VALUES (7, 1, 7, '25.00', '0.00', 'pending', 'Charity for income: fd', NULL, '2025-07-26T17:34:52.991Z', '2025-07-26T17:34:52.991Z', NULL);

INSERT INTO attendance_rules ("id", "business_id", "rule_name", "late_grace_period", "created_at", "updated_at", "late_penalty_type", "late_penalty_amount", "half_day_threshold", "overtime_threshold", "overtime_rate", "min_working_hours", "max_working_hours", "auto_clock_out", "auto_clock_out_time", "weekend_overtime", "holiday_overtime", "is_active") VALUES (1, 1, 'Standard', 12, '2025-07-20T20:26:30.793Z', '2025-07-20T20:26:30.793Z', 'none', '0.00', 240, 480, '1.50', NULL, NULL, TRUE, '23:59:00', TRUE, FALSE, TRUE);

